{
    "parent": "item/generated",
    "textures": {
        "layer0": "item/paper"
    },
    "display": {
        "ground": {
            "rotation": [ 0, 0, 0 ],
            "translation": [ 0, 2, 0],
            "scale":[ 1, 1, 0.5 ]
        },
        "head": {
            "rotation": [ 0, 180, 0 ],
            "translation": [ 0, 13, 7],
            "scale":[ 4, 4, 1]
        },
        "thirdperson_righthand": {
            "rotation": [ 0, 0, 0 ],
            "translation": [ 0, 3, 1 ],
            "scale": [ 1.1, 1.1, 0.55 ]
        },
        "firstperson_righthand": {
            "rotation": [ 0, -90, 25 ],
            "translation": [ 1.13, 3.2, 1.13],
            "scale": [ 1.36, 1.36, 0.68 ]
        },
		"thirdperson_lefthand": {
            "rotation": [ 0, 0, 0 ],
            "translation": [ 0, 3, 1 ],
            "scale": [ 1.1, 1.1, 0.55 ]
        },
        "firstperson_lefthand": {
            "rotation": [ 0, -90, 25 ],
            "translation": [ 1.13, 3.2, 1.13],
            "scale": [ 1.36, 1.36, 0.68 ]
        },
		"fixed": {
            "rotation": [ 0, 180, 0 ],
            "translation": [ 0, 0, 1.0 ],
            "scale": [ 2, 2, 2 ]
        },
        "gui": {
            "rotation": [ 30, -45, 0 ],
            "translation": [ 0, 0, 0 ],
            "scale": [ 1.25, 1.25, 0.5 ]
        }
    }
}
